[
  {
    "id": 1,
    "title": "한 입 크기로 잘라 먹는 리액트",
    "subTitle": "자바스크립트 기초부터 애플리케이션 배포까지",
    "description": "자바스크립트 기초부터 애플리케이션 배포까지\n처음 시작하기 딱 좋은 리액트 입문서\n\n이 책은 웹 개발에서 가장 많이 사용하는 프레임워크인 리액트 사용 방법을 소개합니다. 인프런, 유데미에서 5000여 명이 수강한 베스트 강좌를 책으로 엮었습니다. 프런트엔드 개발을 희망하는 사람들을 위해 리액트의 기본을 익히고 다양한 앱을 구현하는 데 부족함이 없도록 만들었습니다. \n\n자바스크립트 기초 지식이 부족해 리액트 공부를 망설이는 분, 프런트엔드 개발을 희망하는 취준생으로 리액트가 처음인 분, 퍼블리셔나 백엔드에서 프런트엔드로 직군 전환을 꾀하거나 업무상 리액트가 필요한 분, 뷰, 스벨트 등 다른 프레임워크를 쓰고 있는데, 실용적인 리액트를 배우고 싶은 분, 신입 개발자이지만 자바스크립트나 리액트 기초가 부족한 분에게 유용할 것입니다.",
    "author": "이정환",
    "publisher": "프로그래밍인사이트",
    "coverImgUrl": "https://shopping-phinf.pstatic.net/main_3888828/38888282618.20230913071643.jpg",
    "reviews": [
      {
        "author": "김지은",
        "content": "리액트를 처음 배우기에 딱 좋은 입문서입니다."
      },
      {
        "author": "프론트러버",
        "content": "예제가 많아서 쉽게 따라할 수 있었어요."
      },
      {
        "author": "코딩초보",
        "content": "리액트의 기본 개념을 배우기에 적합한 책입니다."
      },
      {
        "author": "김태현",
        "content": "이 책 덕분에 프론트엔드 입문에 성공했습니다."
      },
      {
        "author": "프로그래밍마스터",
        "content": "초보자도 이해하기 쉬운 구성이라 좋았습니다."
      }
    ]
  },
  {
    "id": 5,

    "title": "오늘날 우리는 컴퓨터라 부른다",
    "subTitle": "라이프니츠부터 튜링까지, 생각하는 기계의 씨앗을 뿌린 사람들",
    "coverImgUrl": "https://shopping-phinf.pstatic.net/main_4180125/41801252619.20230906071058.jpg",
    "author": "마틴 데이비스",
    "publisher": "인사이트",
    "description": "마침내 그들의 꿈은 현실이 됐다 \n어제와 오늘, 미래를 가로지르며 컴퓨터라는 성을 쌓은 300년에 걸친 여정\n\n컴퓨터와 수학이 어디선가 연결된다고 누구나 어렴풋이 예상은 할 것이다. 하지만 초기 컴퓨터의 명령어들은 너무나 간단하여 수학과 어떻게 연결되는지 알기 어렵다. 이 책은 그런 수학적 발견이 탄생하기 전으로 돌아가서, 현대 컴퓨터의 근간을 이루는 아이디어와 그들이 처했던 삶의 배경을 보여 준다. \n17세기부터 20세기까지 약 300년에 걸친 눈부신 혁신자들의 삶은 각자 달랐지만, 그들은 모두 인간이 생각하는 방식의 근원을 찾고자 했다. 각각의 공헌은 촘촘하게 지식의 기반을 만들었고 범용 디지털 컴퓨터를 가능케 했다. 오늘날 컴퓨터 기술이 눈부신 속도로 발전하고 사람들은 공학 기술의 놀라운 성취에 감탄하지만, 이 모든 걸 가능케 한 사람들은 쉽게 간과하곤 한다. 이 책은 그들에 대한 이야기다.",
    "reviews": [
      {
        "author": "이현정",
        "content": "컴퓨터와 수학의 연결을 알기 쉽게 설명한 책입니다."
      },
      {
        "author": "코딩애호가",
        "content": "컴퓨터의 역사에 대해 자세히 배울 수 있었어요."
      },
      {
        "author": "장하림",
        "content": "과거와 현재를 연결하는 흥미로운 내용이 많았습니다."
      },
      {
        "author": "김영민",
        "content": "컴퓨터에 대한 새로운 시각을 갖게 해주는 책입니다."
      },
      {
        "author": "소프트웨어장인",
        "content": "미래의 기술 발전을 이해하는 데 도움이 됩니다."
      }
    ]
  },
  {
    "id": 11,

    "title": "소프트웨어 장인 정신 이야기",
    "subTitle": "소프트웨어 전문가로서의 책임·윤리·실천",
    "coverImgUrl": "https://shopping-phinf.pstatic.net/main_3829509/38295097618.20230606103614.jpg",
    "author": "로버트 C. 마틴",
    "publisher": "인사이트",
    "description": "“세상을 떠받치는 장인으로 살고 싶은 개발자를 위해”\n첨단 인력이 가득할 것 같은 이미지와는 사뭇 달리 소프트웨어 산업은 ‘숙련자 부족’이라는 문제에 자주 시달려 왔다. 상대적으로 짧은 산업의 역사, 거품 붕괴, 교육 시행착오 등 여러 요인이 지식과 경험이 지속적으로 탄탄하게 축적되는 데 방해가 된 것이다. 사회 전반에서 소프트웨어 의존도가 높아지고 있는 상황에서 소프트웨어 개발자의 숙련도를 높일 수 있는 대안은 무엇일까?\n개발자들의 스테디셀러 《클린 코드》의 저자이자 탁월한 개발자 멘토인 로버트 C. 마틴은 그 대안으로 ‘소프트웨어 장인 정신’을 제안한다. 저자는 이 책 《소프트웨어 장인 정신 이야기》에서 장인이 자신의 분야에서 숙련된 경지에 도달하는 데 토대가 되는 여러 기예를 수련하듯이 개발자들도 그에 해당하는 기예를 수련해야 하며 전문성과 책임을 다해야 한다고 주장한다. \n오랫동안 애자일 운동에 참여해 온 저자는 개발자가 장인이 되는 데 필요한 훈련 과정으로 주요 애자일 개발 실천법인 테스트 주도 개발, 리팩터링, 단순한 설계 등을 어떻게 업무에 적용해야 할지 설명한다. 또한 단순한 기능인이 아니라 해당 분야에서 책임감과 자부심을 지녀야 할 장인으로서 소프트웨어 개발자가 지녀야 할 기준과 윤리 역시 강조한다.\n\n이 책에서 배우는 내용\nㆍ 소프트웨어 장인 정신의 의미\nㆍ 장인 정신 수련을 위한 다섯 가지 핵심 실천법: 테스트 주도 개발, 리팩터링, 단순한 설계, 공동 프로그래밍, 인수 테스트\nㆍ 개발자 개인과 팀이 생산성, 품질, 용기를 증진하는 방법\nㆍ 성실함과 팀워크의 진정한 의미\nㆍ 소프트웨어 전문가가 따라야 할 열 가지 선서",
    "reviews": [
      {
        "author": "장인정신",
        "content": "소프트웨어 개발의 철학을 잘 설명한 책입니다."
      },
      {
        "author": "개발고수",
        "content": "개발자로서 가져야 할 태도를 배울 수 있어요."
      },
      {
        "author": "이현우",
        "content": "전문가로 성장하기 위한 실질적인 조언이 많습니다."
      },
      {
        "author": "프로개발자",
        "content": "장인 정신의 가치를 느끼게 해주는 책입니다."
      },
      {
        "author": "소프트웨어러버",
        "content": "책의 깊이가 있어 읽을수록 감명받습니다."
      },
      {
        "author": "코딩애호가",
        "content": "소프트웨어 개발의 본질을 이해하는 데 많은 도움이 됐어요."
      }
    ]
  }
]
